drg_cd,drg_desc,service_line
1,HEART TRANSPLANT OR IMPLANT OF HEART ASSIST SYSTEM WITH MCC,Cardiology
3,"ECMO OR TRACHEOSTOMY WITH MV >96 HOURS OR PRINCIPAL DIAGNOSIS EXCEPT FACE, MOUTH AND NEC",Pulmonology/Respiratory
4,"TRACHEOSTOMY WITH MV >96 HOURS OR PRINCIPAL DIAGNOSIS EXCEPT FACE, MOUTH AND NECK WITHOU",Pulmonology/Respiratory
5,LIVER TRANSPLANT WITH MCC OR INTESTINAL TRANSPLANT,Gastroenterology
6,LIVER TRANSPLANT WITHOUT MCC,Gastroenterology
7,LUNG TRANSPLANT,Pulmonology/Respiratory
11,"TRACHEOSTOMY FOR FACE, MOUTH AND NECK DIAGNOSES OR LARYNGECTOMY WITH MCC",Pulmonology/Respiratory
12,"TRACHEOSTOMY FOR FACE, MOUTH AND NECK DIAGNOSES OR LARYNGECTOMY WITH CC",Pulmonology/Respiratory
13,"TRACHEOSTOMY FOR FACE, MOUTH AND NECK DIAGNOSES OR LARYNGECTOMY WITHOUT CC/MCC",Pulmonology/Respiratory
14,ALLOGENEIC BONE MARROW TRANSPLANT,Oncology
16,AUTOLOGOUS BONE MARROW TRANSPLANT WITH CC/MCC,Oncology
18,CHIMERIC ANTIGEN RECEPTOR (CAR) T-CELL AND OTHER IMMUNOTHERAPIES,Oncology
20,INTRACRANIAL VASCULAR PROCEDURES WITH PRINCIPAL DIAGNOSIS HEMORRHAGE WITH MCC,Neurology
21,INTRACRANIAL VASCULAR PROCEDURES WITH PRINCIPAL DIAGNOSIS HEMORRHAGE WITH CC,Neurology
23,CRANIOTOMY WITH MAJOR DEVICE IMPLANT OR ACUTE COMPLEX CNS PRINCIPAL DIAGNOSIS WITH MCC O,Neurology
24,CRANIOTOMY WITH MAJOR DEVICE IMPLANT OR ACUTE COMPLEX CNS PRINCIPAL DIAGNOSIS WITHOUT MC,Neurology
25,CRANIOTOMY AND ENDOVASCULAR INTRACRANIAL PROCEDURES WITH MCC,Neurology
26,CRANIOTOMY AND ENDOVASCULAR INTRACRANIAL PROCEDURES WITH CC,Neurology
27,CRANIOTOMY AND ENDOVASCULAR INTRACRANIAL PROCEDURES WITHOUT CC/MCC,Neurology
28,SPINAL PROCEDURES WITH MCC,Neurology
29,SPINAL PROCEDURES WITH CC OR SPINAL NEUROSTIMULATORS,Neurology
30,SPINAL PROCEDURES WITHOUT CC/MCC,Neurology
31,VENTRICULAR SHUNT PROCEDURES WITH MCC,Neurology
32,VENTRICULAR SHUNT PROCEDURES WITH CC,Neurology
33,VENTRICULAR SHUNT PROCEDURES WITHOUT CC/MCC,Neurology
34,CAROTID ARTERY STENT PROCEDURES WITH MCC,Neurology
35,CAROTID ARTERY STENT PROCEDURES WITH CC,Neurology
36,CAROTID ARTERY STENT PROCEDURES WITHOUT CC/MCC,Neurology
37,EXTRACRANIAL PROCEDURES WITH MCC,Neurology
38,EXTRACRANIAL PROCEDURES WITH CC,Neurology
39,EXTRACRANIAL PROCEDURES WITHOUT CC/MCC,Neurology
40,"PERIPHERAL, CRANIAL NERVE AND OTHER NERVOUS SYSTEM PROCEDURES WITH MCC",Neurology
41,"PERIPHERAL, CRANIAL NERVE AND OTHER NERVOUS SYSTEM PROCEDURES WITH CC OR PERIPHERAL NEUR",Neurology
42,"PERIPHERAL, CRANIAL NERVE AND OTHER NERVOUS SYSTEM PROCEDURES WITHOUT CC/MCC",Neurology
54,NERVOUS SYSTEM NEOPLASMS WITH MCC,Neurology
55,NERVOUS SYSTEM NEOPLASMS WITHOUT MCC,Neurology
56,DEGENERATIVE NERVOUS SYSTEM DISORDERS WITH MCC,Neurology
57,DEGENERATIVE NERVOUS SYSTEM DISORDERS WITHOUT MCC,Neurology
61,"ISCHEMIC STROKE, PRECEREBRAL OCCLUSION OR TRANSIENT ISCHEMIA WITH THROMBOLYTIC AGENT WIT",Neurology
62,"ISCHEMIC STROKE, PRECEREBRAL OCCLUSION OR TRANSIENT ISCHEMIA WITH THROMBOLYTIC AGENT WIT",Neurology
64,INTRACRANIAL HEMORRHAGE OR CEREBRAL INFARCTION WITH MCC,Neurology
65,INTRACRANIAL HEMORRHAGE OR CEREBRAL INFARCTION WITH CC OR TPA IN 24 HOURS,Neurology
66,INTRACRANIAL HEMORRHAGE OR CEREBRAL INFARCTION WITHOUT CC/MCC,Neurology
68,PRECEREBRAL OCCLUSION WITHOUT INFARCTION WITHOUT MCC,Neurology
69,TRANSIENT ISCHEMIA WITHOUT THROMBOLYTIC,Neurology
70,OTHER CEREBROVASCULAR DISORDERS WITH MCC,Neurology
71,OTHER CEREBROVASCULAR DISORDERS WITH CC,Neurology
72,OTHER CEREBROVASCULAR DISORDERS WITHOUT CC/MCC,Neurology
73,CRANIAL AND PERIPHERAL NERVE DISORDERS WITH MCC,Neurology
74,CRANIAL AND PERIPHERAL NERVE DISORDERS WITHOUT MCC,Neurology
77,HYPERTENSIVE ENCEPHALOPATHY WITH MCC,Neurology
78,HYPERTENSIVE ENCEPHALOPATHY WITH CC,Neurology
80,NONTRAUMATIC STUPOR AND COMA WITH MCC,Neurology
82,TRAUMATIC STUPOR AND COMA >1 HOUR WITH MCC,Neurology
83,TRAUMATIC STUPOR AND COMA >1 HOUR WITH CC,Neurology
84,TRAUMATIC STUPOR AND COMA >1 HOUR WITHOUT CC/MCC,Neurology
85,TRAUMATIC STUPOR AND COMA <1 HOUR WITH MCC,Neurology
86,TRAUMATIC STUPOR AND COMA <1 HOUR WITH CC,Neurology
87,TRAUMATIC STUPOR AND COMA <1 HOUR WITHOUT CC/MCC,Neurology
88,CONCUSSION WITH MCC,Neurology
89,CONCUSSION WITH CC,Neurology
90,CONCUSSION WITHOUT CC/MCC,Neurology
91,OTHER DISORDERS OF NERVOUS SYSTEM WITH MCC,Neurology
92,OTHER DISORDERS OF NERVOUS SYSTEM WITH CC,Neurology
93,OTHER DISORDERS OF NERVOUS SYSTEM WITHOUT CC/MCC,Neurology
94,BACTERIAL AND TUBERCULOUS INFECTIONS OF NERVOUS SYSTEM WITH MCC,Neurology
97,NON-BACTERIAL INFECTION OF NERVOUS SYSTEM EXCEPT VIRAL MENINGITIS WITH MCC,Neurology
100,SEIZURES WITH MCC,Neurology
101,SEIZURES WITHOUT MCC,Neurology
102,HEADACHES WITH MCC,Neurology
103,HEADACHES WITHOUT MCC,Neurology
113,ORBITAL PROCEDURES WITH CC/MCC,Other
115,EXTRAOCULAR PROCEDURES EXCEPT ORBIT,Other
116,INTRAOCULAR PROCEDURES WITH CC/MCC,Other
121,ACUTE MAJOR EYE INFECTIONS WITH CC/MCC,Other
123,NEUROLOGICAL EYE DISORDERS,Other
124,OTHER DISORDERS OF THE EYE WITH MCC OR THROMBOLYTIC AGENT,Other
125,OTHER DISORDERS OF THE EYE WITHOUT MCC,Other
141,MAJOR HEAD AND NECK PROCEDURES WITH CC,Other
142,MAJOR HEAD AND NECK PROCEDURES WITHOUT CC/MCC,Other
144,"OTHER EAR, NOSE, MOUTH AND THROAT O.R. PROCEDURES WITH CC",Other
145,"OTHER EAR, NOSE, MOUTH AND THROAT O.R. PROCEDURES WITHOUT CC/MCC",Other
146,"EAR, NOSE, MOUTH AND THROAT MALIGNANCY WITH MCC",Other
147,"EAR, NOSE, MOUTH AND THROAT MALIGNANCY WITH CC",Other
149,DYSEQUILIBRIUM,Neurology
151,EPISTAXIS WITHOUT MCC,Other
152,OTITIS MEDIA AND URI WITH MCC,Other
153,OTITIS MEDIA AND URI WITHOUT MCC,Other
154,"OTHER EAR, NOSE, MOUTH AND THROAT DIAGNOSES WITH MCC",Other
155,"OTHER EAR, NOSE, MOUTH AND THROAT DIAGNOSES WITH CC",Other
157,DENTAL AND ORAL DISEASES WITH MCC,Other
158,DENTAL AND ORAL DISEASES WITH CC,Other
163,MAJOR CHEST PROCEDURES WITH MCC,Pulmonology/Respiratory
164,MAJOR CHEST PROCEDURES WITH CC,Pulmonology/Respiratory
165,MAJOR CHEST PROCEDURES WITHOUT CC/MCC,Pulmonology/Respiratory
166,OTHER RESPIRATORY SYSTEM O.R. PROCEDURES WITH MCC,Pulmonology/Respiratory
167,OTHER RESPIRATORY SYSTEM O.R. PROCEDURES WITH CC,Pulmonology/Respiratory
168,OTHER RESPIRATORY SYSTEM O.R. PROCEDURES WITHOUT CC/MCC,Pulmonology/Respiratory
173,ULTRASOUND ACCELERATED AND OTHER THROMBOLYSIS WITH PRINCIPAL DIAGNOSIS PULMONARY EMBOLIS,Pulmonology/Respiratory
175,PULMONARY EMBOLISM WITH MCC OR ACUTE COR PULMONALE,Pulmonology/Respiratory
176,PULMONARY EMBOLISM WITHOUT MCC,Pulmonology/Respiratory
177,RESPIRATORY INFECTIONS AND INFLAMMATIONS WITH MCC,Pulmonology/Respiratory
178,RESPIRATORY INFECTIONS AND INFLAMMATIONS WITH CC,Pulmonology/Respiratory
179,RESPIRATORY INFECTIONS AND INFLAMMATIONS WITHOUT CC/MCC,Pulmonology/Respiratory
180,RESPIRATORY NEOPLASMS WITH MCC,Pulmonology/Respiratory
181,RESPIRATORY NEOPLASMS WITH CC,Pulmonology/Respiratory
183,MAJOR CHEST TRAUMA WITH MCC,Pulmonology/Respiratory
184,MAJOR CHEST TRAUMA WITH CC,Pulmonology/Respiratory
185,MAJOR CHEST TRAUMA WITHOUT CC/MCC,Pulmonology/Respiratory
186,PLEURAL EFFUSION WITH MCC,Pulmonology/Respiratory
187,PLEURAL EFFUSION WITH CC,Pulmonology/Respiratory
189,PULMONARY EDEMA AND RESPIRATORY FAILURE,Pulmonology/Respiratory
190,CHRONIC OBSTRUCTIVE PULMONARY DISEASE WITH MCC,Pulmonology/Respiratory
191,CHRONIC OBSTRUCTIVE PULMONARY DISEASE WITH CC,Pulmonology/Respiratory
192,CHRONIC OBSTRUCTIVE PULMONARY DISEASE WITHOUT CC/MCC,Pulmonology/Respiratory
193,SIMPLE PNEUMONIA AND PLEURISY WITH MCC,Pulmonology/Respiratory
194,SIMPLE PNEUMONIA AND PLEURISY WITH CC,Pulmonology/Respiratory
195,SIMPLE PNEUMONIA AND PLEURISY WITHOUT CC/MCC,Pulmonology/Respiratory
196,INTERSTITIAL LUNG DISEASE WITH MCC,Pulmonology/Respiratory
197,INTERSTITIAL LUNG DISEASE WITH CC,Pulmonology/Respiratory
199,PNEUMOTHORAX WITH MCC,Pulmonology/Respiratory
200,PNEUMOTHORAX WITH CC,Pulmonology/Respiratory
202,BRONCHITIS AND ASTHMA WITH CC/MCC,Pulmonology/Respiratory
203,BRONCHITIS AND ASTHMA WITHOUT CC/MCC,Pulmonology/Respiratory
204,RESPIRATORY SIGNS AND SYMPTOMS,Pulmonology/Respiratory
205,OTHER RESPIRATORY SYSTEM DIAGNOSES WITH MCC,Pulmonology/Respiratory
206,OTHER RESPIRATORY SYSTEM DIAGNOSES WITHOUT MCC,Pulmonology/Respiratory
207,RESPIRATORY SYSTEM DIAGNOSIS WITH VENTILATOR SUPPORT >96 HOURS,Pulmonology/Respiratory
208,RESPIRATORY SYSTEM DIAGNOSIS WITH VENTILATOR SUPPORT <=96 HOURS,Pulmonology/Respiratory
212,CONCOMITANT AORTIC AND MITRAL VALVE PROCEDURES,Cardiology
215,OTHER HEART ASSIST SYSTEM IMPLANT,Cardiology
216,CARDIAC VALVE AND OTHER MAJOR CARDIOTHORACIC PROCEDURES WITH CARDIAC CATHETERIZATION WIT,Cardiology
217,CARDIAC VALVE AND OTHER MAJOR CARDIOTHORACIC PROCEDURES WITH CARDIAC CATHETERIZATION WIT,Cardiology
219,CARDIAC VALVE AND OTHER MAJOR CARDIOTHORACIC PROCEDURES WITHOUT CARDIAC CATHETERIZATION,Cardiology
220,CARDIAC VALVE AND OTHER MAJOR CARDIOTHORACIC PROCEDURES WITHOUT CARDIAC CATHETERIZATION,Cardiology
221,CARDIAC VALVE AND OTHER MAJOR CARDIOTHORACIC PROCEDURES WITHOUT CARDIAC CATHETERIZATION,Cardiology
228,OTHER CARDIOTHORACIC PROCEDURES WITH MCC,Cardiology
229,OTHER CARDIOTHORACIC PROCEDURES WITHOUT MCC,Cardiology
231,CORONARY BYPASS WITH PTCA WITH MCC,Cardiology
233,CORONARY BYPASS WITH CARDIAC CATHETERIZATION OR OPEN ABLATION WITH MCC,Cardiology
234,CORONARY BYPASS WITH CARDIAC CATHETERIZATION OR OPEN ABLATION WITHOUT MCC,Cardiology
235,CORONARY BYPASS WITHOUT CARDIAC CATHETERIZATION WITH MCC,Cardiology
236,CORONARY BYPASS WITHOUT CARDIAC CATHETERIZATION WITHOUT MCC,Cardiology
239,AMPUTATION FOR CIRCULATORY SYSTEM DISORDERS EXCEPT UPPER LIMB AND TOE WITH MCC,Cardiology
240,AMPUTATION FOR CIRCULATORY SYSTEM DISORDERS EXCEPT UPPER LIMB AND TOE WITH CC,Cardiology
242,PERMANENT CARDIAC PACEMAKER IMPLANT WITH MCC,Cardiology
243,PERMANENT CARDIAC PACEMAKER IMPLANT WITH CC,Cardiology
244,PERMANENT CARDIAC PACEMAKER IMPLANT WITHOUT CC/MCC,Cardiology
250,PERCUTANEOUS CARDIOVASCULAR PROCEDURES WITHOUT INTRALUMINAL DEVICE WITH MCC,Cardiology
251,PERCUTANEOUS CARDIOVASCULAR PROCEDURES WITHOUT INTRALUMINAL DEVICE WITHOUT MCC,Cardiology
252,OTHER VASCULAR PROCEDURES WITH MCC,Cardiology
253,OTHER VASCULAR PROCEDURES WITH CC,Cardiology
254,OTHER VASCULAR PROCEDURES WITHOUT CC/MCC,Cardiology
260,CARDIAC PACEMAKER REVISION EXCEPT DEVICE REPLACEMENT WITH MCC,Cardiology
261,CARDIAC PACEMAKER REVISION EXCEPT DEVICE REPLACEMENT WITH CC,Cardiology
262,CARDIAC PACEMAKER REVISION EXCEPT DEVICE REPLACEMENT WITHOUT CC/MCC,Cardiology
264,OTHER CIRCULATORY SYSTEM O.R. PROCEDURES,Cardiology
266,ENDOVASCULAR CARDIAC VALVE REPLACEMENT AND SUPPLEMENT PROCEDURES WITH MCC,Cardiology
267,ENDOVASCULAR CARDIAC VALVE REPLACEMENT AND SUPPLEMENT PROCEDURES WITHOUT MCC,Cardiology
268,AORTIC AND HEART ASSIST PROCEDURES EXCEPT PULSATION BALLOON WITH MCC,Cardiology
269,AORTIC AND HEART ASSIST PROCEDURES EXCEPT PULSATION BALLOON WITHOUT MCC,Cardiology
270,OTHER MAJOR CARDIOVASCULAR PROCEDURES WITH MCC,Cardiology
271,OTHER MAJOR CARDIOVASCULAR PROCEDURES WITH CC,Cardiology
272,OTHER MAJOR CARDIOVASCULAR PROCEDURES WITHOUT CC/MCC,Cardiology
273,PERCUTANEOUS AND OTHER INTRACARDIAC PROCEDURES WITH MCC,Cardiology
274,PERCUTANEOUS AND OTHER INTRACARDIAC PROCEDURES WITHOUT MCC,Cardiology
275,CARDIAC DEFIBRILLATOR IMPLANT WITH CARDIAC CATHETERIZATION AND MCC,Cardiology
276,CARDIAC DEFIBRILLATOR IMPLANT WITH MCC OR CAROTID SINUS NEUROSTIMULATOR,Cardiology
277,CARDIAC DEFIBRILLATOR IMPLANT WITHOUT MCC,Cardiology
278,ULTRASOUND ACCELERATED AND OTHER THROMBOLYSIS OF PERIPHERAL VASCULAR STRUCTURES WITH MCC,Cardiology
279,ULTRASOUND ACCELERATED AND OTHER THROMBOLYSIS OF PERIPHERAL VASCULAR STRUCTURES WITHOUT,Cardiology
280,"ACUTE MYOCARDIAL INFARCTION, DISCHARGED ALIVE WITH MCC",Cardiology
281,"ACUTE MYOCARDIAL INFARCTION, DISCHARGED ALIVE WITH CC",Cardiology
282,"ACUTE MYOCARDIAL INFARCTION, DISCHARGED ALIVE WITHOUT CC/MCC",Cardiology
283,"ACUTE MYOCARDIAL INFARCTION, EXPIRED WITH MCC",Cardiology
286,"CIRCULATORY DISORDERS EXCEPT AMI, WITH CARDIAC CATHETERIZATION WITH MCC",Cardiology
287,"CIRCULATORY DISORDERS EXCEPT AMI, WITH CARDIAC CATHETERIZATION WITHOUT MCC",Cardiology
291,HEART FAILURE AND SHOCK WITH MCC,Cardiology
292,HEART FAILURE AND SHOCK WITH CC,Cardiology
293,HEART FAILURE AND SHOCK WITHOUT CC/MCC,Cardiology
296,"CARDIAC ARREST, UNEXPLAINED WITH MCC",Cardiology
299,PERIPHERAL VASCULAR DISORDERS WITH MCC,Cardiology
300,PERIPHERAL VASCULAR DISORDERS WITH CC,Cardiology
301,PERIPHERAL VASCULAR DISORDERS WITHOUT CC/MCC,Cardiology
302,ATHEROSCLEROSIS WITH MCC,Cardiology
303,ATHEROSCLEROSIS WITHOUT MCC,Cardiology
304,HYPERTENSION WITH MCC,Cardiology
305,HYPERTENSION WITHOUT MCC,Cardiology
306,CARDIAC CONGENITAL AND VALVULAR DISORDERS WITH MCC,Cardiology
307,CARDIAC CONGENITAL AND VALVULAR DISORDERS WITHOUT MCC,Cardiology
308,CARDIAC ARRHYTHMIA AND CONDUCTION DISORDERS WITH MCC,Cardiology
309,CARDIAC ARRHYTHMIA AND CONDUCTION DISORDERS WITH CC,Cardiology
310,CARDIAC ARRHYTHMIA AND CONDUCTION DISORDERS WITHOUT CC/MCC,Cardiology
311,ANGINA PECTORIS,Cardiology
312,SYNCOPE AND COLLAPSE,Cardiology
313,CHEST PAIN,Cardiology
314,OTHER CIRCULATORY SYSTEM DIAGNOSES WITH MCC,Cardiology
315,OTHER CIRCULATORY SYSTEM DIAGNOSES WITH CC,Cardiology
316,OTHER CIRCULATORY SYSTEM DIAGNOSES WITHOUT CC/MCC,Cardiology
317,CONCOMITANT LEFT ATRIAL APPENDAGE CLOSURE AND CARDIAC ABLATION,Cardiology
319,OTHER ENDOVASCULAR CARDIAC VALVE PROCEDURES WITH MCC,Cardiology
320,OTHER ENDOVASCULAR CARDIAC VALVE PROCEDURES WITHOUT MCC,Cardiology
321,PERCUTANEOUS CARDIOVASCULAR PROCEDURES WITH INTRALUMINAL DEVICE WITH MCC OR 4+ ARTERIES/,Cardiology
322,PERCUTANEOUS CARDIOVASCULAR PROCEDURES WITH INTRALUMINAL DEVICE WITHOUT MCC,Cardiology
323,CORONARY INTRAVASCULAR LITHOTRIPSY WITH INTRALUMINAL DEVICE WITH MCC,Cardiology
324,CORONARY INTRAVASCULAR LITHOTRIPSY WITH INTRALUMINAL DEVICE WITHOUT MCC,Cardiology
326,"STOMACH, ESOPHAGEAL AND DUODENAL PROCEDURES WITH MCC",Gastroenterology
327,"STOMACH, ESOPHAGEAL AND DUODENAL PROCEDURES WITH CC",Gastroenterology
328,"STOMACH, ESOPHAGEAL AND DUODENAL PROCEDURES WITHOUT CC/MCC",Gastroenterology
329,MAJOR SMALL AND LARGE BOWEL PROCEDURES WITH MCC,Gastroenterology
330,MAJOR SMALL AND LARGE BOWEL PROCEDURES WITH CC,Gastroenterology
331,MAJOR SMALL AND LARGE BOWEL PROCEDURES WITHOUT CC/MCC,Gastroenterology
335,PERITONEAL ADHESIOLYSIS WITH MCC,Gastroenterology
336,PERITONEAL ADHESIOLYSIS WITH CC,Gastroenterology
337,PERITONEAL ADHESIOLYSIS WITHOUT CC/MCC,Gastroenterology
347,ANAL AND STOMAL PROCEDURES WITH MCC,Gastroenterology
350,INGUINAL AND FEMORAL HERNIA PROCEDURES WITH MCC,Gastroenterology
351,INGUINAL AND FEMORAL HERNIA PROCEDURES WITH CC,Gastroenterology
352,INGUINAL AND FEMORAL HERNIA PROCEDURES WITHOUT CC/MCC,Gastroenterology
353,HERNIA PROCEDURES EXCEPT INGUINAL AND FEMORAL WITH MCC,Gastroenterology
354,HERNIA PROCEDURES EXCEPT INGUINAL AND FEMORAL WITH CC,Gastroenterology
355,HERNIA PROCEDURES EXCEPT INGUINAL AND FEMORAL WITHOUT CC/MCC,Gastroenterology
356,OTHER DIGESTIVE SYSTEM O.R. PROCEDURES WITH MCC,Gastroenterology
357,OTHER DIGESTIVE SYSTEM O.R. PROCEDURES WITH CC,Gastroenterology
368,MAJOR ESOPHAGEAL DISORDERS WITH MCC,Gastroenterology
369,MAJOR ESOPHAGEAL DISORDERS WITH CC,Gastroenterology
371,MAJOR GASTROINTESTINAL DISORDERS AND PERITONEAL INFECTIONS WITH MCC,Gastroenterology
372,MAJOR GASTROINTESTINAL DISORDERS AND PERITONEAL INFECTIONS WITH CC,Gastroenterology
373,MAJOR GASTROINTESTINAL DISORDERS AND PERITONEAL INFECTIONS WITHOUT CC/MCC,Gastroenterology
374,DIGESTIVE MALIGNANCY WITH MCC,Gastroenterology
375,DIGESTIVE MALIGNANCY WITH CC,Gastroenterology
377,GASTROINTESTINAL HEMORRHAGE WITH MCC,Gastroenterology
378,GASTROINTESTINAL HEMORRHAGE WITH CC,Gastroenterology
379,GASTROINTESTINAL HEMORRHAGE WITHOUT CC/MCC,Gastroenterology
380,COMPLICATED PEPTIC ULCER WITH MCC,Gastroenterology
381,COMPLICATED PEPTIC ULCER WITH CC,Gastroenterology
384,UNCOMPLICATED PEPTIC ULCER WITHOUT MCC,Gastroenterology
385,INFLAMMATORY BOWEL DISEASE WITH MCC,Gastroenterology
386,INFLAMMATORY BOWEL DISEASE WITH CC,Gastroenterology
388,GASTROINTESTINAL OBSTRUCTION WITH MCC,Gastroenterology
389,GASTROINTESTINAL OBSTRUCTION WITH CC,Gastroenterology
390,GASTROINTESTINAL OBSTRUCTION WITHOUT CC/MCC,Gastroenterology
391,"ESOPHAGITIS, GASTROENTERITIS AND MISCELLANEOUS DIGESTIVE DISORDERS WITH MCC",Gastroenterology
392,"ESOPHAGITIS, GASTROENTERITIS AND MISCELLANEOUS DIGESTIVE DISORDERS WITHOUT MCC",Gastroenterology
393,OTHER DIGESTIVE SYSTEM DIAGNOSES WITH MCC,Gastroenterology
394,OTHER DIGESTIVE SYSTEM DIAGNOSES WITH CC,Gastroenterology
395,OTHER DIGESTIVE SYSTEM DIAGNOSES WITHOUT CC/MCC,Gastroenterology
398,APPENDIX PROCEDURES WITH CC,Gastroenterology
399,APPENDIX PROCEDURES WITHOUT CC/MCC,Gastroenterology
402,SINGLE LEVEL COMBINED ANTERIOR AND POSTERIOR SPINAL FUSION EXCEPT CERVICAL,Orthopedics
405,"PANCREAS, LIVER AND SHUNT PROCEDURES WITH MCC",Gastroenterology
406,"PANCREAS, LIVER AND SHUNT PROCEDURES WITH CC",Gastroenterology
407,"PANCREAS, LIVER AND SHUNT PROCEDURES WITHOUT CC/MCC",Gastroenterology
411,CHOLECYSTECTOMY WITH C.D.E. WITH MCC,Gastroenterology
415,CHOLECYSTECTOMY EXCEPT BY LAPAROSCOPE WITHOUT C.D.E. WITH CC,Gastroenterology
417,LAPAROSCOPIC CHOLECYSTECTOMY WITHOUT C.D.E. WITH MCC,Gastroenterology
418,LAPAROSCOPIC CHOLECYSTECTOMY WITHOUT C.D.E. WITH CC,Gastroenterology
419,LAPAROSCOPIC CHOLECYSTECTOMY WITHOUT C.D.E. WITHOUT CC/MCC,Gastroenterology
420,HEPATOBILIARY DIAGNOSTIC PROCEDURES WITH MCC,Gastroenterology
423,OTHER HEPATOBILIARY OR PANCREAS O.R. PROCEDURES WITH MCC,Gastroenterology
426,MULTIPLE LEVEL COMBINED ANTERIOR AND POSTERIOR SPINAL FUSION EXCEPT CERVICAL WITH MCC OR,Orthopedics
427,MULTIPLE LEVEL COMBINED ANTERIOR AND POSTERIOR SPINAL FUSION EXCEPT CERVICAL WITH CC,Orthopedics
428,MULTIPLE LEVEL COMBINED ANTERIOR AND POSTERIOR SPINAL FUSION EXCEPT CERVICAL WITHOUT CC/,Orthopedics
430,COMBINED ANTERIOR AND POSTERIOR CERVICAL SPINAL FUSION WITHOUT MCC,Orthopedics
432,CIRRHOSIS AND ALCOHOLIC HEPATITIS WITH MCC,Gastroenterology
433,CIRRHOSIS AND ALCOHOLIC HEPATITIS WITH CC,Gastroenterology
435,MALIGNANCY OF HEPATOBILIARY SYSTEM OR PANCREAS WITH MCC,Gastroenterology
436,MALIGNANCY OF HEPATOBILIARY SYSTEM OR PANCREAS WITH CC,Gastroenterology
438,DISORDERS OF PANCREAS EXCEPT MALIGNANCY WITH MCC,Gastroenterology
439,DISORDERS OF PANCREAS EXCEPT MALIGNANCY WITH CC,Gastroenterology
440,DISORDERS OF PANCREAS EXCEPT MALIGNANCY WITHOUT CC/MCC,Gastroenterology
441,"DISORDERS OF LIVER EXCEPT MALIGNANCY, CIRRHOSIS OR ALCOHOLIC HEPATITIS WITH MCC",Gastroenterology
442,"DISORDERS OF LIVER EXCEPT MALIGNANCY, CIRRHOSIS OR ALCOHOLIC HEPATITIS WITH CC",Gastroenterology
444,DISORDERS OF THE BILIARY TRACT WITH MCC,Gastroenterology
445,DISORDERS OF THE BILIARY TRACT WITH CC,Gastroenterology
446,DISORDERS OF THE BILIARY TRACT WITHOUT CC/MCC,Gastroenterology
448,MULTIPLE LEVEL SPINAL FUSION EXCEPT CERVICAL WITHOUT MCC,Orthopedics
451,SINGLE LEVEL SPINAL FUSION EXCEPT CERVICAL WITHOUT MCC,Orthopedics
453,COMBINED ANTERIOR AND POSTERIOR SPINAL FUSION WITH MCC,Orthopedics
454,COMBINED ANTERIOR AND POSTERIOR SPINAL FUSION WITH CC,Orthopedics
455,COMBINED ANTERIOR AND POSTERIOR SPINAL FUSION WITHOUT CC/MCC,Orthopedics
456,"SPINAL FUSION EXCEPT CERVICAL WITH SPINAL CURVATURE, MALIGNANCY, INFECTION OR EXTENSIVE",Orthopedics
457,"SPINAL FUSION EXCEPT CERVICAL WITH SPINAL CURVATURE, MALIGNANCY, INFECTION OR EXTENSIVE",Orthopedics
458,"SPINAL FUSION EXCEPT CERVICAL WITH SPINAL CURVATURE, MALIGNANCY, INFECTION OR EXTENSIVE",Orthopedics
459,SPINAL FUSION EXCEPT CERVICAL WITH MCC,Orthopedics
460,SPINAL FUSION EXCEPT CERVICAL WITHOUT MCC,Orthopedics
462,BILATERAL OR MULTIPLE MAJOR JOINT PROCEDURES OF LOWER EXTREMITY WITHOUT MCC,Orthopedics
463,WOUND DEBRIDEMENT AND SKIN GRAFT EXCEPT HAND FOR MUSCULOSKELETAL AND CONNECTIVE TISSUE D,Orthopedics
464,WOUND DEBRIDEMENT AND SKIN GRAFT EXCEPT HAND FOR MUSCULOSKELETAL AND CONNECTIVE TISSUE D,Orthopedics
465,WOUND DEBRIDEMENT AND SKIN GRAFT EXCEPT HAND FOR MUSCULOSKELETAL AND CONNECTIVE TISSUE D,Orthopedics
466,REVISION OF HIP OR KNEE REPLACEMENT WITH MCC,Orthopedics
467,REVISION OF HIP OR KNEE REPLACEMENT WITH CC,Orthopedics
468,REVISION OF HIP OR KNEE REPLACEMENT WITHOUT CC/MCC,Orthopedics
469,MAJOR HIP AND KNEE JOINT REPLACEMENT OR REATTACHMENT OF LOWER EXTREMITY WITH MCC OR TOTA,Orthopedics
470,MAJOR HIP AND KNEE JOINT REPLACEMENT OR REATTACHMENT OF LOWER EXTREMITY WITHOUT MCC,Orthopedics
471,CERVICAL SPINAL FUSION WITH MCC,Orthopedics
472,CERVICAL SPINAL FUSION WITH CC,Orthopedics
473,CERVICAL SPINAL FUSION WITHOUT CC/MCC,Orthopedics
474,AMPUTATION FOR MUSCULOSKELETAL SYSTEM AND CONNECTIVE TISSUE DISORDERS WITH MCC,Orthopedics
475,AMPUTATION FOR MUSCULOSKELETAL SYSTEM AND CONNECTIVE TISSUE DISORDERS WITH CC,Orthopedics
477,BIOPSIES OF MUSCULOSKELETAL SYSTEM AND CONNECTIVE TISSUE WITH MCC,Orthopedics
478,BIOPSIES OF MUSCULOSKELETAL SYSTEM AND CONNECTIVE TISSUE WITH CC,Orthopedics
479,BIOPSIES OF MUSCULOSKELETAL SYSTEM AND CONNECTIVE TISSUE WITHOUT CC/MCC,Orthopedics
480,HIP AND FEMUR PROCEDURES EXCEPT MAJOR JOINT WITH MCC,Orthopedics
481,HIP AND FEMUR PROCEDURES EXCEPT MAJOR JOINT WITH CC,Orthopedics
482,HIP AND FEMUR PROCEDURES EXCEPT MAJOR JOINT WITHOUT CC/MCC,Orthopedics
483,MAJOR JOINT OR LIMB REATTACHMENT PROCEDURES OF UPPER EXTREMITIES,Orthopedics
485,KNEE PROCEDURES WITH PRINCIPAL DIAGNOSIS OF INFECTION WITH MCC,Orthopedics
486,KNEE PROCEDURES WITH PRINCIPAL DIAGNOSIS OF INFECTION WITH CC,Orthopedics
487,KNEE PROCEDURES WITH PRINCIPAL DIAGNOSIS OF INFECTION WITHOUT CC/MCC,Orthopedics
488,KNEE PROCEDURES WITHOUT PRINCIPAL DIAGNOSIS OF INFECTION WITH CC/MCC,Orthopedics
489,KNEE PROCEDURES WITHOUT PRINCIPAL DIAGNOSIS OF INFECTION WITHOUT CC/MCC,Orthopedics
492,"LOWER EXTREMITY AND HUMERUS PROCEDURES EXCEPT HIP, FOOT AND FEMUR WITH MCC",Orthopedics
493,"LOWER EXTREMITY AND HUMERUS PROCEDURES EXCEPT HIP, FOOT AND FEMUR WITH CC",Orthopedics
494,"LOWER EXTREMITY AND HUMERUS PROCEDURES EXCEPT HIP, FOOT AND FEMUR WITHOUT CC/MCC",Orthopedics
496,LOCAL EXCISION AND REMOVAL OF INTERNAL FIXATION DEVICES EXCEPT HIP AND FEMUR WITH CC,Orthopedics
497,LOCAL EXCISION AND REMOVAL OF INTERNAL FIXATION DEVICES EXCEPT HIP AND FEMUR WITHOUT CC/,Orthopedics
500,SOFT TISSUE PROCEDURES WITH MCC,Orthopedics
501,SOFT TISSUE PROCEDURES WITH CC,Orthopedics
502,SOFT TISSUE PROCEDURES WITHOUT CC/MCC,Orthopedics
504,FOOT PROCEDURES WITH CC,Orthopedics
511,"SHOULDER, ELBOW OR FOREARM PROCEDURES, EXCEPT MAJOR JOINT PROCEDURES WITH CC",Orthopedics
512,"SHOULDER, ELBOW OR FOREARM PROCEDURES, EXCEPT MAJOR JOINT PROCEDURES WITHOUT CC/MCC",Orthopedics
513,"HAND OR WRIST PROCEDURES, EXCEPT MAJOR THUMB OR JOINT PROCEDURES WITH CC/MCC",Orthopedics
515,OTHER MUSCULOSKELETAL SYSTEM AND CONNECTIVE TISSUE O.R. PROCEDURES WITH MCC,Orthopedics
516,OTHER MUSCULOSKELETAL SYSTEM AND CONNECTIVE TISSUE O.R. PROCEDURES WITH CC,Orthopedics
517,OTHER MUSCULOSKELETAL SYSTEM AND CONNECTIVE TISSUE O.R. PROCEDURES WITHOUT CC/MCC,Orthopedics
518,BACK AND NECK PROCEDURES EXCEPT SPINAL FUSION WITH MCC OR DISC DEVICE OR NEUROSTIMULATOR,Orthopedics
519,BACK AND NECK PROCEDURES EXCEPT SPINAL FUSION WITH CC,Orthopedics
520,BACK AND NECK PROCEDURES EXCEPT SPINAL FUSION WITHOUT CC/MCC,Orthopedics
521,HIP REPLACEMENT WITH PRINCIPAL DIAGNOSIS OF HIP FRACTURE WITH MCC,Orthopedics
522,HIP REPLACEMENT WITH PRINCIPAL DIAGNOSIS OF HIP FRACTURE WITHOUT MCC,Orthopedics
535,FRACTURES OF HIP AND PELVIS WITH MCC,Orthopedics
536,FRACTURES OF HIP AND PELVIS WITHOUT MCC,Orthopedics
539,OSTEOMYELITIS WITH MCC,Orthopedics
540,OSTEOMYELITIS WITH CC,Orthopedics
542,PATHOLOGICAL FRACTURES AND MUSCULOSKELETAL AND CONNECTIVE TISSUE MALIGNANCY WITH MCC,Orthopedics
543,PATHOLOGICAL FRACTURES AND MUSCULOSKELETAL AND CONNECTIVE TISSUE MALIGNANCY WITH CC,Orthopedics
544,PATHOLOGICAL FRACTURES AND MUSCULOSKELETAL AND CONNECTIVE TISSUE MALIGNANCY WITHOUT CC/M,Orthopedics
545,CONNECTIVE TISSUE DISORDERS WITH MCC,Orthopedics
546,CONNECTIVE TISSUE DISORDERS WITH CC,Orthopedics
547,CONNECTIVE TISSUE DISORDERS WITHOUT CC/MCC,Orthopedics
551,MEDICAL BACK PROBLEMS WITH MCC,Orthopedics
552,MEDICAL BACK PROBLEMS WITHOUT MCC,Orthopedics
553,BONE DISEASES AND ARTHROPATHIES WITH MCC,Orthopedics
554,BONE DISEASES AND ARTHROPATHIES WITHOUT MCC,Orthopedics
555,SIGNS AND SYMPTOMS OF MUSCULOSKELETAL SYSTEM AND CONNECTIVE TISSUE WITH MCC,Orthopedics
556,SIGNS AND SYMPTOMS OF MUSCULOSKELETAL SYSTEM AND CONNECTIVE TISSUE WITHOUT MCC,Orthopedics
557,"TENDONITIS, MYOSITIS AND BURSITIS WITH MCC",Orthopedics
558,"TENDONITIS, MYOSITIS AND BURSITIS WITHOUT MCC",Orthopedics
559,"AFTERCARE, MUSCULOSKELETAL SYSTEM AND CONNECTIVE TISSUE WITH MCC",Orthopedics
560,"AFTERCARE, MUSCULOSKELETAL SYSTEM AND CONNECTIVE TISSUE WITH CC",Orthopedics
561,"AFTERCARE, MUSCULOSKELETAL SYSTEM AND CONNECTIVE TISSUE WITHOUT CC/MCC",Orthopedics
562,"FRACTURE, SPRAIN, STRAIN AND DISLOCATION EXCEPT FEMUR, HIP, PELVIS AND THIGH WITH MCC",Orthopedics
563,"FRACTURE, SPRAIN, STRAIN AND DISLOCATION EXCEPT FEMUR, HIP, PELVIS AND THIGH WITHOUT MCC",Orthopedics
564,OTHER MUSCULOSKELETAL SYSTEM AND CONNECTIVE TISSUE DIAGNOSES WITH MCC,Orthopedics
565,OTHER MUSCULOSKELETAL SYSTEM AND CONNECTIVE TISSUE DIAGNOSES WITH CC,Orthopedics
570,SKIN DEBRIDEMENT WITH MCC,General Surgery
571,SKIN DEBRIDEMENT WITH CC,General Surgery
573,SKIN GRAFT FOR SKIN ULCER OR CELLULITIS WITH MCC,General Surgery
574,SKIN GRAFT FOR SKIN ULCER OR CELLULITIS WITH CC,General Surgery
577,SKIN GRAFT EXCEPT FOR SKIN ULCER OR CELLULITIS WITH CC,General Surgery
579,"OTHER SKIN, SUBCUTANEOUS TISSUE AND BREAST PROCEDURES WITH MCC",General Surgery
580,"OTHER SKIN, SUBCUTANEOUS TISSUE AND BREAST PROCEDURES WITH CC",General Surgery
581,"OTHER SKIN, SUBCUTANEOUS TISSUE AND BREAST PROCEDURES WITHOUT CC/MCC",General Surgery
585,"BREAST BIOPSY, LOCAL EXCISION AND OTHER BREAST PROCEDURES WITHOUT CC/MCC",General Surgery
592,SKIN ULCERS WITH MCC,General Medicine
593,SKIN ULCERS WITH CC,General Medicine
596,MAJOR SKIN DISORDERS WITHOUT MCC,General Medicine
597,MALIGNANT BREAST DISORDERS WITH MCC,General Surgery
602,CELLULITIS WITH MCC,General Medicine
603,CELLULITIS WITHOUT MCC,General Medicine
604,"TRAUMA TO THE SKIN, SUBCUTANEOUS TISSUE AND BREAST WITH MCC",General Surgery
605,"TRAUMA TO THE SKIN, SUBCUTANEOUS TISSUE AND BREAST WITHOUT MCC",General Surgery
606,MINOR SKIN DISORDERS WITH MCC,General Medicine
607,MINOR SKIN DISORDERS WITHOUT MCC,General Medicine
614,ADRENAL AND PITUITARY PROCEDURES WITH CC/MCC,General Surgery
615,ADRENAL AND PITUITARY PROCEDURES WITHOUT CC/MCC,General Surgery
616,"AMPUTATION OF LOWER LIMB FOR ENDOCRINE, NUTRITIONAL AND METABOLIC DISORDERS WITH MCC",General Surgery
617,"AMPUTATION OF LOWER LIMB FOR ENDOCRINE, NUTRITIONAL AND METABOLIC DISORDERS WITH CC",General Surgery
620,O.R. PROCEDURES FOR OBESITY WITH CC,General Surgery
621,O.R. PROCEDURES FOR OBESITY WITHOUT CC/MCC,General Surgery
622,"SKIN GRAFTS AND WOUND DEBRIDEMENT FOR ENDOCRINE, NUTRITIONAL AND METABOLIC DISORDERS WIT",General Surgery
623,"SKIN GRAFTS AND WOUND DEBRIDEMENT FOR ENDOCRINE, NUTRITIONAL AND METABOLIC DISORDERS WIT",General Surgery
626,"THYROID, PARATHYROID AND THYROGLOSSAL PROCEDURES WITH CC",General Surgery
627,"THYROID, PARATHYROID AND THYROGLOSSAL PROCEDURES WITHOUT CC/MCC",General Surgery
628,"OTHER ENDOCRINE, NUTRITIONAL AND METABOLIC O.R. PROCEDURES WITH MCC",General Surgery
629,"OTHER ENDOCRINE, NUTRITIONAL AND METABOLIC O.R. PROCEDURES WITH CC",General Surgery
637,DIABETES WITH MCC,General Medicine
638,DIABETES WITH CC,General Medicine
639,DIABETES WITHOUT CC/MCC,General Medicine
640,"MISCELLANEOUS DISORDERS OF NUTRITION, METABOLISM, FLUIDS AND ELECTROLYTES WITH MCC",General Medicine
641,"MISCELLANEOUS DISORDERS OF NUTRITION, METABOLISM, FLUIDS AND ELECTROLYTES WITHOUT MCC",General Medicine
642,INBORN AND OTHER DISORDERS OF METABOLISM,General Medicine
643,ENDOCRINE DISORDERS WITH MCC,General Medicine
644,ENDOCRINE DISORDERS WITH CC,General Medicine
645,ENDOCRINE DISORDERS WITHOUT CC/MCC,General Medicine
650,KIDNEY TRANSPLANT WITH HEMODIALYSIS WITH MCC,Renal/Urology
651,KIDNEY TRANSPLANT WITH HEMODIALYSIS WITHOUT MCC,Renal/Urology
652,KIDNEY TRANSPLANT,Renal/Urology
653,MAJOR BLADDER PROCEDURES WITH MCC,Renal/Urology
654,MAJOR BLADDER PROCEDURES WITH CC,Renal/Urology
655,MAJOR BLADDER PROCEDURES WITHOUT CC/MCC,Renal/Urology
656,KIDNEY AND URETER PROCEDURES FOR NEOPLASM WITH MCC,Renal/Urology
657,KIDNEY AND URETER PROCEDURES FOR NEOPLASM WITH CC,Renal/Urology
658,KIDNEY AND URETER PROCEDURES FOR NEOPLASM WITHOUT CC/MCC,Renal/Urology
659,KIDNEY AND URETER PROCEDURES FOR NON-NEOPLASM WITH MCC,Renal/Urology
660,KIDNEY AND URETER PROCEDURES FOR NON-NEOPLASM WITH CC,Renal/Urology
661,KIDNEY AND URETER PROCEDURES FOR NON-NEOPLASM WITHOUT CC/MCC,Renal/Urology
663,MINOR BLADDER PROCEDURES WITH CC,Renal/Urology
665,PROSTATECTOMY WITH MCC,Renal/Urology
668,TRANSURETHRAL PROCEDURES WITH MCC,Renal/Urology
669,TRANSURETHRAL PROCEDURES WITH CC,Renal/Urology
673,OTHER KIDNEY AND URINARY TRACT PROCEDURES WITH MCC,Renal/Urology
674,OTHER KIDNEY AND URINARY TRACT PROCEDURES WITH CC,Renal/Urology
682,RENAL FAILURE WITH MCC,Renal/Urology
683,RENAL FAILURE WITH CC,Renal/Urology
684,RENAL FAILURE WITHOUT CC/MCC,Renal/Urology
686,KIDNEY AND URINARY TRACT NEOPLASMS WITH MCC,Renal/Urology
687,KIDNEY AND URINARY TRACT NEOPLASMS WITH CC,Renal/Urology
689,KIDNEY AND URINARY TRACT INFECTIONS WITH MCC,Renal/Urology
690,KIDNEY AND URINARY TRACT INFECTIONS WITHOUT MCC,Renal/Urology
694,URINARY STONES WITHOUT MCC,Renal/Urology
696,KIDNEY AND URINARY TRACT SIGNS AND SYMPTOMS WITHOUT MCC,Renal/Urology
698,OTHER KIDNEY AND URINARY TRACT DIAGNOSES WITH MCC,Renal/Urology
699,OTHER KIDNEY AND URINARY TRACT DIAGNOSES WITH CC,Renal/Urology
700,OTHER KIDNEY AND URINARY TRACT DIAGNOSES WITHOUT CC/MCC,Renal/Urology
707,MAJOR MALE PELVIC PROCEDURES WITH CC/MCC,Renal/Urology
708,MAJOR MALE PELVIC PROCEDURES WITHOUT CC/MCC,Renal/Urology
713,TRANSURETHRAL PROSTATECTOMY WITH CC/MCC,Renal/Urology
714,TRANSURETHRAL PROSTATECTOMY WITHOUT CC/MCC,Renal/Urology
717,OTHER MALE REPRODUCTIVE SYSTEM O.R. PROCEDURES EXCEPT MALIGNANCY WITH CC/MCC,Renal/Urology
722,"MALIGNANCY, MALE REPRODUCTIVE SYSTEM WITH MCC",Renal/Urology
726,BENIGN PROSTATIC HYPERTROPHY WITHOUT MCC,Renal/Urology
728,INFLAMMATION OF THE MALE REPRODUCTIVE SYSTEM WITHOUT MCC,Renal/Urology
734,"PELVIC EVISCERATION, RADICAL HYSTERECTOMY AND RADICAL VULVECTOMY WITH CC/MCC",Obstetrics
737,UTERINE AND ADNEXA PROCEDURES FOR OVARIAN OR ADNEXAL MALIGNANCY WITH CC,Obstetrics
739,UTERINE AND ADNEXA PROCEDURES FOR NON-OVARIAN AND NON-ADNEXAL MALIGNANCY WITH MCC,Obstetrics
740,UTERINE AND ADNEXA PROCEDURES FOR NON-OVARIAN AND NON-ADNEXAL MALIGNANCY WITH CC,Obstetrics
741,UTERINE AND ADNEXA PROCEDURES FOR NON-OVARIAN AND NON-ADNEXAL MALIGNANCY WITHOUT CC/MCC,Obstetrics
742,UTERINE AND ADNEXA PROCEDURES FOR NON-MALIGNANCY WITH CC/MCC,Obstetrics
743,UTERINE AND ADNEXA PROCEDURES FOR NON-MALIGNANCY WITHOUT CC/MCC,Obstetrics
744,"D&C, CONIZATION, LAPAROSCOPY AND TUBAL INTERRUPTION WITH CC/MCC",Obstetrics
746,"VAGINA, CERVIX AND VULVA PROCEDURES WITH CC/MCC",Obstetrics
747,"VAGINA, CERVIX AND VULVA PROCEDURES WITHOUT CC/MCC",Obstetrics
748,FEMALE REPRODUCTIVE SYSTEM RECONSTRUCTIVE PROCEDURES,Obstetrics
754,"MALIGNANCY, FEMALE REPRODUCTIVE SYSTEM WITH MCC",Obstetrics
755,"MALIGNANCY, FEMALE REPRODUCTIVE SYSTEM WITH CC",Obstetrics
808,MAJOR HEMATOLOGICAL AND IMMUNOLOGICAL DIAGNOSES EXCEPT SICKLE CELL CRISIS AND COAGULATIO,General Medicine
809,MAJOR HEMATOLOGICAL AND IMMUNOLOGICAL DIAGNOSES EXCEPT SICKLE CELL CRISIS AND COAGULATIO,General Medicine
811,RED BLOOD CELL DISORDERS WITH MCC,General Medicine
812,RED BLOOD CELL DISORDERS WITHOUT MCC,General Medicine
813,COAGULATION DISORDERS,General Medicine
814,RETICULOENDOTHELIAL AND IMMUNITY DISORDERS WITH MCC,General Medicine
815,RETICULOENDOTHELIAL AND IMMUNITY DISORDERS WITH CC,General Medicine
820,LYMPHOMA AND LEUKEMIA WITH MAJOR O.R. PROCEDURES WITH MCC,Oncology
821,LYMPHOMA AND LEUKEMIA WITH MAJOR O.R. PROCEDURES WITH CC,Oncology
822,LYMPHOMA AND LEUKEMIA WITH MAJOR O.R. PROCEDURES WITHOUT CC/MCC,Oncology
823,LYMPHOMA AND NON-ACUTE LEUKEMIA WITH OTHER PROCEDURES WITH MCC,Oncology
824,LYMPHOMA AND NON-ACUTE LEUKEMIA WITH OTHER PROCEDURES WITH CC,Oncology
826,MYELOPROLIFERATIVE DISORDERS OR POORLY DIFFERENTIATED NEOPLASMS WITH MAJOR O.R. PROCEDUR,Oncology
827,MYELOPROLIFERATIVE DISORDERS OR POORLY DIFFERENTIATED NEOPLASMS WITH MAJOR O.R. PROCEDUR,Oncology
828,MYELOPROLIFERATIVE DISORDERS OR POORLY DIFFERENTIATED NEOPLASMS WITH MAJOR O.R. PROCEDUR,Oncology
829,MYELOPROLIFERATIVE DISORDERS OR POORLY DIFFERENTIATED NEOPLASMS WITH OTHER PROCEDURES WI,Oncology
834,ACUTE LEUKEMIA WITH MCC,Oncology
835,ACUTE LEUKEMIA WITH CC,Oncology
837,CHEMOTHERAPY WITH ACUTE LEUKEMIA AS SECONDARY DIAGNOSIS OR WITH HIGH DOSE CHEMOTHERAPY A,Oncology
838,CHEMOTHERAPY WITH ACUTE LEUKEMIA AS SECONDARY DIAGNOSIS WITH CC OR HIGH DOSE CHEMOTHERAP,Oncology
839,CHEMOTHERAPY WITH ACUTE LEUKEMIA AS SECONDARY DIAGNOSIS WITHOUT CC/MCC,Oncology
840,LYMPHOMA AND NON-ACUTE LEUKEMIA WITH MCC,Oncology
841,LYMPHOMA AND NON-ACUTE LEUKEMIA WITH CC,Oncology
842,LYMPHOMA AND NON-ACUTE LEUKEMIA WITHOUT CC/MCC,Oncology
843,OTHER MYELOPROLIFERATIVE DISORDERS OR POORLY DIFFERENTIATED NEOPLASTIC DIAGNOSES WITH MC,Oncology
846,CHEMOTHERAPY WITHOUT ACUTE LEUKEMIA AS SECONDARY DIAGNOSIS WITH MCC,Oncology
847,CHEMOTHERAPY WITHOUT ACUTE LEUKEMIA AS SECONDARY DIAGNOSIS WITH CC,Oncology
849,RADIOTHERAPY,Oncology
853,INFECTIOUS AND PARASITIC DISEASES WITH O.R. PROCEDURES WITH MCC,General Medicine
854,INFECTIOUS AND PARASITIC DISEASES WITH O.R. PROCEDURES WITH CC,General Medicine
856,POSTOPERATIVE OR POST-TRAUMATIC INFECTIONS WITH O.R. PROCEDURES WITH MCC,General Medicine
857,POSTOPERATIVE OR POST-TRAUMATIC INFECTIONS WITH O.R. PROCEDURES WITH CC,General Medicine
862,POSTOPERATIVE AND POST-TRAUMATIC INFECTIONS WITH MCC,General Medicine
863,POSTOPERATIVE AND POST-TRAUMATIC INFECTIONS WITHOUT MCC,General Medicine
864,FEVER AND INFLAMMATORY CONDITIONS,General Medicine
865,VIRAL ILLNESS WITH MCC,General Medicine
866,VIRAL ILLNESS WITHOUT MCC,General Medicine
867,OTHER INFECTIOUS AND PARASITIC DISEASES DIAGNOSES WITH MCC,General Medicine
868,OTHER INFECTIOUS AND PARASITIC DISEASES DIAGNOSES WITH CC,General Medicine
870,SEPTICEMIA OR SEVERE SEPSIS WITH MV >96 HOURS,General Medicine
871,SEPTICEMIA OR SEVERE SEPSIS WITHOUT MV >96 HOURS WITH MCC,General Medicine
872,SEPTICEMIA OR SEVERE SEPSIS WITHOUT MV >96 HOURS WITHOUT MCC,General Medicine
876,O.R. PROCEDURES WITH PRINCIPAL DIAGNOSIS OF MENTAL ILLNESS,Psychiatry
880,ACUTE ADJUSTMENT REACTION AND PSYCHOSOCIAL DYSFUNCTION,Psychiatry
881,DEPRESSIVE NEUROSES,Psychiatry
882,NEUROSES EXCEPT DEPRESSIVE,Psychiatry
883,DISORDERS OF PERSONALITY AND IMPULSE CONTROL,Psychiatry
884,ORGANIC DISTURBANCES AND INTELLECTUAL DISABILITY,Psychiatry
885,PSYCHOSES,Psychiatry
894,"ALCOHOL, DRUG ABUSE OR DEPENDENCE, LEFT AMA",Psychiatry
895,"ALCOHOL, DRUG ABUSE OR DEPENDENCE WITH REHABILITATION THERAPY",Psychiatry
896,"ALCOHOL, DRUG ABUSE OR DEPENDENCE WITHOUT REHABILITATION THERAPY WITH MCC",Psychiatry
897,"ALCOHOL, DRUG ABUSE OR DEPENDENCE WITHOUT REHABILITATION THERAPY WITHOUT MCC",Psychiatry
902,WOUND DEBRIDEMENTS FOR INJURIES WITH CC,General Surgery
904,SKIN GRAFTS FOR INJURIES WITH CC/MCC,General Surgery
907,OTHER O.R. PROCEDURES FOR INJURIES WITH MCC,General Surgery
908,OTHER O.R. PROCEDURES FOR INJURIES WITH CC,General Surgery
909,OTHER O.R. PROCEDURES FOR INJURIES WITHOUT CC/MCC,General Surgery
913,TRAUMATIC INJURY WITH MCC,General Medicine
914,TRAUMATIC INJURY WITHOUT MCC,General Medicine
916,ALLERGIC REACTIONS WITHOUT MCC,General Medicine
917,POISONING AND TOXIC EFFECTS OF DRUGS WITH MCC,General Medicine
918,POISONING AND TOXIC EFFECTS OF DRUGS WITHOUT MCC,General Medicine
919,COMPLICATIONS OF TREATMENT WITH MCC,General Medicine
920,COMPLICATIONS OF TREATMENT WITH CC,General Medicine
921,COMPLICATIONS OF TREATMENT WITHOUT CC/MCC,General Medicine
922,"OTHER INJURY, POISONING AND TOXIC EFFECT DIAGNOSES WITH MCC",General Medicine
923,"OTHER INJURY, POISONING AND TOXIC EFFECT DIAGNOSES WITHOUT MCC",General Medicine
928,FULL THICKNESS BURN WITH SKIN GRAFT OR INHALATION INJURY WITH CC/MCC,General Surgery
934,FULL THICKNESS BURN WITHOUT SKIN GRAFT OR INHALATION INJURY,General Surgery
935,NON-EXTENSIVE BURNS,General Surgery
940,O.R. PROCEDURES WITH DIAGNOSES OF OTHER CONTACT WITH HEALTH SERVICES WITH CC,General Medicine
941,O.R. PROCEDURES WITH DIAGNOSES OF OTHER CONTACT WITH HEALTH SERVICES WITHOUT CC/MCC,General Medicine
945,REHABILITATION WITH CC/MCC,General Medicine
946,REHABILITATION WITHOUT CC/MCC,General Medicine
947,SIGNS AND SYMPTOMS WITH MCC,General Medicine
948,SIGNS AND SYMPTOMS WITHOUT MCC,General Medicine
949,AFTERCARE WITH CC/MCC,General Medicine
950,AFTERCARE WITHOUT CC/MCC,General Medicine
951,OTHER FACTORS INFLUENCING HEALTH STATUS,General Medicine
956,"LIMB REATTACHMENT, HIP AND FEMUR PROCEDURES FOR MULTIPLE SIGNIFICANT TRAUMA",Orthopedics
957,OTHER O.R. PROCEDURES FOR MULTIPLE SIGNIFICANT TRAUMA WITH MCC,General Surgery
958,OTHER O.R. PROCEDURES FOR MULTIPLE SIGNIFICANT TRAUMA WITH CC,General Surgery
963,OTHER MULTIPLE SIGNIFICANT TRAUMA WITH MCC,General Surgery
964,OTHER MULTIPLE SIGNIFICANT TRAUMA WITH CC,General Surgery
974,HIV WITH MAJOR RELATED CONDITION WITH MCC,General Medicine
975,HIV WITH MAJOR RELATED CONDITION WITH CC,General Medicine
981,EXTENSIVE O.R. PROCEDURES UNRELATED TO PRINCIPAL DIAGNOSIS WITH MCC,General Surgery
982,EXTENSIVE O.R. PROCEDURES UNRELATED TO PRINCIPAL DIAGNOSIS WITH CC,General Surgery
983,EXTENSIVE O.R. PROCEDURES UNRELATED TO PRINCIPAL DIAGNOSIS WITHOUT CC/MCC,General Surgery
987,NON-EXTENSIVE O.R. PROCEDURES UNRELATED TO PRINCIPAL DIAGNOSIS WITH MCC,General Surgery
988,NON-EXTENSIVE O.R. PROCEDURES UNRELATED TO PRINCIPAL DIAGNOSIS WITH CC,General Surgery
